,Building,Location,tflat,CArea in Sq.m.,Connectivity,Value,lr_value,dt_value,rf_value
0,Miravet District,Ravet,2,79.5,15,67.74000000000001,67.73960876464844,67.74000000000001,67.73999999999985
1,LMS Finswell Woods,Nagar,2,72.5,47,98.5,98.49932861328125,98.5,98.5
2,Mangal Shanti Mansha Phase 2,Wagholi,2,62.0,13,47.14,47.13984680175781,47.13999999999999,47.14000000000001
3,Solitere Emerald Tower,Budruk,2,72.0,50,67.825,67.82466125488281,67.82500000000002,67.82499999999987
4,Kuber Antonia,Wakad,2,68.0,48,66.57,66.56968688964844,66.56999999999996,66.56999999999992
5,Maithili Square,Kiwale,2,60.0,6,46.34,46.33998107910156,46.34000000000001,46.34000000000006
6,Anika Piccadilly,Punawale,2,69.0,15,55.0,55.00019836425781,55.0,55.0
7,Godrej Woodsville,Hinjewadi,3,90.0,6,99.6,91.20913696289062,99.6,99.60000000000018
8,Godrej Woodsville,Hinjewadi,2,72.0,6,78.1,85.37255859375,78.1,78.10000000000014
9,Nyati Exuberance,Undri,2,64.0,15,58.0,58.00028991699219,58.0,58.0
10,Kalpataru Jade Residences,Baner,3,125.0,9,2.5,2.5002899169921875,2.5,2.5
11,La Centra,Tathawade,2,103.5,7,74.68,74.68006896972656,74.68000000000004,74.6800000000001
12,Madhur Aangan,Ravet,2,59.5,7,49.5,49.50022888183594,49.5,49.5
13,Tathawade Mhada,Tathawade,2,79.0,9,68.0,68.00016784667969,68.0,68.0
14,Shapoorji Joyville Sensorium,Hinjewadi,3,91.0,15,1.07,55.22319030761719,1.07,1.0699999999999974
15,Shapoorji Joyville Sensorium,Hinjewadi,2,70.0,15,82.725,48.87968444824219,82.725,82.72500000000015
16,Kolte Patil Crown,Moshi,2,61.0,15,39.445,39.44549560546875,39.44500000000001,39.44500000000007
17,Elated Khushvista,NIBM,2,66.0,15,49.14,49.13981628417969,49.13999999999999,49.140000000000015
18,Aishwaryam Insignia,Punawale,2,62.0,5,48.8,48.80000305175781,48.800000000000004,48.80000000000009
19,Leisure Town,Hadapsar,2,69.0,7,83.0,69.16716003417969,83.0,83.0
20,Park Titan,Marunji,3,102.5,9,94.0,89.31660461425781,94.0,94.0
21,Leisure Town,Hadapsar,1,43.0,7,49.0,61.97868347167969,49.0,49.0
22,Park Titan,Marunji,2,70.0,9,73.0,81.02967834472656,73.0,73.0
23,Pethkar Siyona4.4 ★,Punawale,3,102.5,15,103.0,90.80763244628906,103.0,103.0
24,Pethkar Siyona4.4 ★,Punawale,2,80.0,15,72.0,84.21061706542969,72.0,71.95824999999999
25,Ganraj Skydale,Undri,2,56.5,15,40.235,38.08293151855469,40.23500000000001,40.23500000000004
26,Ganraj Skydale,Undri,1,41.0,15,29.439999999999998,32.66880798339844,29.439999999999998,29.49170000000004
27,Vansh Viva,Kiwale,2,65.0,9,44.26,40.93278503417969,44.26,44.46740000000012
28,Vansh Viva,Kiwale,1,42.0,9,31.4,34.25126647949219,31.400000000000002,31.400000000000055
29,Bright Aristo,Wagholi,2,63.0,5,42.0,41.46846008300781,42.0,42.0
30,Bright Aristo,Wagholi,1,45.0,5,35.0,35.63188171386719,35.0,35.05
31,Kumar Palmcrest,Pisoli,2,72.0,15,0.0,6.103515625e-05,0.0,0.0
32,Samarth Mrudula Residency,Bhosari,1,40.5,34,35.5,35.52018737792969,35.5,35.5
33,Unika,Hadapsar,3,99.0,12,1.05,39.23320007324219,1.05,1.049999999999998
34,Nivasa Enchante,Lohegaon,3,79.0,7,79.04,72.51554870605469,79.04,79.03999999999998
35,Nivasa Enchante,Lohegaon,2,67.0,7,61.155,67.69285583496094,61.154999999999994,61.15499999999997
36,Tirupati Nakshatra,Marunji,2,62.0,8,36.22,34.15965270996094,36.22,36.21999999999993
37,Tirupati Nakshatra,Marunji,1,42.0,8,25.195,27.985122680664062,25.195,25.195000000000014
38,Runal Spacio,Kiwale,3,79.0,15,76.0,72.84593200683594,76.0,76.0
39,Runal Spacio,Kiwale,2,65.5,15,65.0,67.76980590820312,65.0,65.0
40,Shapoorji Joyville Hadapsar Annexe4.4 ★,Shewalewadi,3,83.0,15,94.4,72.57835388183594,94.4,94.01909999999981
41,Shapoorji Joyville Hadapsar Annexe4.4 ★,Shewalewadi,2,62.5,15,71.2,66.31930541992188,71.2,68.51239999999989
42,Shapoorji Joyville Hadapsar Annexe4.4 ★,Shewalewadi,1,40.0,15,42.02,59.72227478027344,42.02,42.02
43,Gulmohar Sky Park,Dhanori,2,59.5,6,52.655,52.68333435058594,52.654999999999994,52.65500000000001
44,Kalpataru Exquisite,Wakad,3,104.0,15,1.14,1.1400299072265625,1.14,1.1400000000000003
45,Goodwill Meadows4.2 ★,Lohegaon,2,31.0,30,48.0,48.02421569824219,48.0,48.0
46,Orchid Homes,Chinchwad,3,101.0,17,100.0,92.73246765136719,100.0,100.06
47,Orchid Homes,Chinchwad,2,75.0,17,75.85499999999999,85.54397583007812,75.85499999999999,75.34929999999981
48,NG Rathi Vrundavan,Vishrantwadi,2,56.0,49,56.0,55.99980163574219,56.0,56.0
49,Manasi Residency,Budruk,2,53.0,29,47.0,46.30928039550781,47.0,47.0
50,Manasi Residency,Budruk,1,47.0,29,40.0,42.50056457519531,40.0,40.243900000000004
51,Townscape Sneh Mithila,Saudagar,2,74.0,6,70.0,69.99978637695312,70.0,70.081
52,Mulik Luxuria3.3 ★,Wagholi,2,74.0,15,51.334999999999994,49.33726501464844,51.33499999999999,51.499900000000025
53,Greenville,Hadapsar,3,97.5,4,96.62,96.61882019042969,96.62,95.48850000000004
54,Unika,Hadapsar,2,74.0,12,78.0,32.21366882324219,78.0,78.0
55,Jhala Group Mahalunge Riviera,Mahalunge,3,90.5,14,94.25,94.24980163574219,94.25,94.25
56,Rohan VITI,Wakad,3,99.0,6,1.25,55.14021301269531,1.25,3.1554
57,Rohan VITI,Wakad,2,74.0,6,93.0,48.12071228027344,93.0,93.0
58,Pride SOHO,Charholi,3,88.0,12,74.71,70.21734619140625,74.71,74.71000000000002
59,Pride SOHO,Charholi,2,73.0,12,60.379999999999995,64.88774108886719,60.379999999999995,60.38000000000009
60,JD Gaatha,Lohegaon,3,95.5,8,73.795,70.39195251464844,73.795,73.79500000000006
61,JD Gaatha,Lohegaon,2,71.5,8,56.735,63.54142761230469,56.73499999999999,57.65364999999995
62,iLife Upper NIBM,NIBM,3,95.5,14,84.88,79.13236999511719,84.88,84.88000000000005
63,iLife Upper NIBM,NIBM,2,73.5,14,66.86,72.61985778808594,66.86,66.8599999999999
64,Mulik Luxuria3.3 ★,Wagholi,3,95.5,15,64.66,55.76530456542969,64.65999999999998,64.65999999999991
65,Mulik Luxuria3.3 ★,Wagholi,1,41.0,15,28.55,40.965850830078125,28.55,28.57850000000003
66,Rohit Aloha,Wakad,2,72.0,10,70.01,70.04341125488281,70.01,69.97850000000015
67,Miravet District,Ravet,2,79.5,15,67.74000000000001,67.73960876464844,67.74000000000001,67.73999999999985
68,LMS Finswell Woods,Nagar,2,72.5,47,98.5,98.49932861328125,98.5,98.5
69,Mangal Shanti Mansha Phase 2,Wagholi,2,62.0,13,47.14,47.13984680175781,47.13999999999999,47.14000000000001
70,Solitere Emerald Tower,Budruk,2,72.0,50,67.825,67.82466125488281,67.82500000000002,67.82499999999987
71,Kuber Antonia,Wakad,2,68.0,48,66.57,66.56968688964844,66.56999999999996,66.56999999999992
72,Maithili Square,Kiwale,2,60.0,6,46.34,46.33998107910156,46.34000000000001,46.34000000000006
73,Anika Piccadilly,Punawale,2,69.0,15,55.0,55.00019836425781,55.0,55.0
74,Godrej Woodsville,Hinjewadi,3,90.0,6,99.6,91.20913696289062,99.6,99.60000000000018
75,Godrej Woodsville,Hinjewadi,2,72.0,6,78.1,85.37255859375,78.1,78.10000000000014
76,Nyati Exuberance,Undri,2,64.0,15,58.0,58.00028991699219,58.0,58.0
77,Kalpataru Jade Residences,Baner,3,125.0,9,2.5,2.5002899169921875,2.5,2.5
78,La Centra,Tathawade,2,103.5,7,74.68,74.68006896972656,74.68000000000004,74.6800000000001
79,Madhur Aangan,Ravet,2,59.5,7,49.5,49.50022888183594,49.5,49.5
80,Tathawade Mhada,Tathawade,2,79.0,9,68.0,68.00016784667969,68.0,68.0
81,Shapoorji Joyville Sensorium,Hinjewadi,3,91.0,15,1.07,55.22319030761719,1.07,1.0699999999999974
82,Shapoorji Joyville Sensorium,Hinjewadi,2,70.0,15,82.725,48.87968444824219,82.725,82.72500000000015
83,Kolte Patil Crown,Moshi,2,61.0,15,39.445,39.44549560546875,39.44500000000001,39.44500000000007
84,Elated Khushvista,NIBM,2,66.0,15,49.14,49.13981628417969,49.13999999999999,49.140000000000015
85,Aishwaryam Insignia,Punawale,2,62.0,5,48.8,48.80000305175781,48.800000000000004,48.80000000000009
86,Leisure Town,Hadapsar,2,69.0,7,83.0,69.16716003417969,83.0,83.0
87,Park Titan,Marunji,3,102.5,9,94.0,89.31660461425781,94.0,94.0
88,Leisure Town,Hadapsar,1,43.0,7,49.0,61.97868347167969,49.0,49.0
89,Park Titan,Marunji,2,70.0,9,73.0,81.02967834472656,73.0,73.0
90,Pethkar Siyona4.4 ★,Punawale,3,102.5,15,103.0,90.80763244628906,103.0,103.0
91,Pethkar Siyona4.4 ★,Punawale,2,80.0,15,72.0,84.21061706542969,72.0,71.95824999999999
92,Ganraj Skydale,Undri,2,56.5,15,40.235,38.08293151855469,40.23500000000001,40.23500000000004
93,Ganraj Skydale,Undri,1,41.0,15,29.439999999999998,32.66880798339844,29.439999999999998,29.49170000000004
94,Vansh Viva,Kiwale,2,65.0,9,44.26,40.93278503417969,44.26,44.46740000000012
95,Vansh Viva,Kiwale,1,42.0,9,31.4,34.25126647949219,31.400000000000002,31.400000000000055
96,Bright Aristo,Wagholi,2,63.0,5,42.0,41.46846008300781,42.0,42.0
97,Bright Aristo,Wagholi,1,45.0,5,35.0,35.63188171386719,35.0,35.05
98,Kumar Palmcrest,Pisoli,2,72.0,15,0.0,6.103515625e-05,0.0,0.0
99,Samarth Mrudula Residency,Bhosari,1,40.5,34,35.5,35.52018737792969,35.5,35.5
100,Unika,Hadapsar,3,99.0,12,1.05,39.23320007324219,1.05,1.049999999999998
101,Nivasa Enchante,Lohegaon,3,79.0,7,79.04,72.51554870605469,79.04,79.03999999999998
102,Nivasa Enchante,Lohegaon,2,67.0,7,61.155,67.69285583496094,61.154999999999994,61.15499999999997
103,Tirupati Nakshatra,Marunji,2,62.0,8,36.22,34.15965270996094,36.22,36.21999999999993
104,Tirupati Nakshatra,Marunji,1,42.0,8,25.195,27.985122680664062,25.195,25.195000000000014
105,Runal Spacio,Kiwale,3,79.0,15,76.0,72.84593200683594,76.0,76.0
106,Runal Spacio,Kiwale,2,65.5,15,65.0,67.76980590820312,65.0,65.0
107,Shapoorji Joyville Hadapsar Annexe4.4 ★,Shewalewadi,3,83.0,15,94.4,72.57835388183594,94.4,94.01909999999981
108,Shapoorji Joyville Hadapsar Annexe4.4 ★,Shewalewadi,2,62.5,15,71.2,66.31930541992188,71.2,68.51239999999989
109,Shapoorji Joyville Hadapsar Annexe4.4 ★,Shewalewadi,1,40.0,15,42.02,59.72227478027344,42.02,42.02
110,Gulmohar Sky Park,Dhanori,2,59.5,6,52.655,52.68333435058594,52.654999999999994,52.65500000000001
111,Kalpataru Exquisite,Wakad,3,104.0,15,1.14,1.1400299072265625,1.14,1.1400000000000003
112,Goodwill Meadows4.2 ★,Lohegaon,2,31.0,30,48.0,48.02421569824219,48.0,48.0
113,Orchid Homes,Chinchwad,3,101.0,17,100.0,92.73246765136719,100.0,100.06
114,Orchid Homes,Chinchwad,2,75.0,17,75.85499999999999,85.54397583007812,75.85499999999999,75.34929999999981
115,NG Rathi Vrundavan,Vishrantwadi,2,56.0,49,56.0,55.99980163574219,56.0,56.0
116,Manasi Residency,Budruk,2,53.0,29,47.0,46.30928039550781,47.0,47.0
117,Manasi Residency,Budruk,1,47.0,29,40.0,42.50056457519531,40.0,40.243900000000004
118,Townscape Sneh Mithila,Saudagar,2,74.0,6,70.0,69.99978637695312,70.0,70.081
119,Mulik Luxuria3.3 ★,Wagholi,2,74.0,15,51.334999999999994,49.33726501464844,51.33499999999999,51.499900000000025
120,Greenville,Hadapsar,3,97.5,4,96.62,96.61882019042969,96.62,95.48850000000004
121,Unika,Hadapsar,2,74.0,12,78.0,32.21366882324219,78.0,78.0
122,Jhala Group Mahalunge Riviera,Mahalunge,3,90.5,14,94.25,94.24980163574219,94.25,94.25
123,Rohan VITI,Wakad,3,99.0,6,1.25,55.14021301269531,1.25,3.1554
124,Rohan VITI,Wakad,2,74.0,6,93.0,48.12071228027344,93.0,93.0
125,Pride SOHO,Charholi,3,88.0,12,74.71,70.21734619140625,74.71,74.71000000000002
126,Pride SOHO,Charholi,2,73.0,12,60.379999999999995,64.88774108886719,60.379999999999995,60.38000000000009
127,JD Gaatha,Lohegaon,3,95.5,8,73.795,70.39195251464844,73.795,73.79500000000006
128,JD Gaatha,Lohegaon,2,71.5,8,56.735,63.54142761230469,56.73499999999999,57.65364999999995
129,iLife Upper NIBM,NIBM,3,95.5,14,84.88,79.13236999511719,84.88,84.88000000000005
130,iLife Upper NIBM,NIBM,2,73.5,14,66.86,72.61985778808594,66.86,66.8599999999999
131,Mulik Luxuria3.3 ★,Wagholi,3,95.5,15,64.66,55.76530456542969,64.65999999999998,64.65999999999991
132,Mulik Luxuria3.3 ★,Wagholi,1,41.0,15,28.55,40.965850830078125,28.55,28.57850000000003
133,Rohit Aloha,Wakad,2,72.0,10,70.01,70.04341125488281,70.01,69.97850000000015
134,Miravet District,Ravet,2,79.5,15,67.74000000000001,67.73960876464844,67.74000000000001,67.73999999999985
135,LMS Finswell Woods,Nagar,2,72.5,47,98.5,98.49932861328125,98.5,98.5
136,Mangal Shanti Mansha Phase 2,Wagholi,2,62.0,13,47.14,47.13984680175781,47.13999999999999,47.14000000000001
137,Solitere Emerald Tower,Budruk,2,72.0,50,67.825,67.82466125488281,67.82500000000002,67.82499999999987
138,Kuber Antonia,Wakad,2,68.0,48,66.57,66.56968688964844,66.56999999999996,66.56999999999992
139,Maithili Square,Kiwale,2,60.0,6,46.34,46.33998107910156,46.34000000000001,46.34000000000006
140,Anika Piccadilly,Punawale,2,69.0,15,55.0,55.00019836425781,55.0,55.0
141,Godrej Woodsville,Hinjewadi,3,90.0,6,99.6,91.20913696289062,99.6,99.60000000000018
142,Godrej Woodsville,Hinjewadi,2,72.0,6,78.1,85.37255859375,78.1,78.10000000000014
143,Nyati Exuberance,Undri,2,64.0,15,58.0,58.00028991699219,58.0,58.0
144,Kalpataru Jade Residences,Baner,3,125.0,9,2.5,2.5002899169921875,2.5,2.5
145,La Centra,Tathawade,2,103.5,7,74.68,74.68006896972656,74.68000000000004,74.6800000000001
146,Madhur Aangan,Ravet,2,59.5,7,49.5,49.50022888183594,49.5,49.5
147,Tathawade Mhada,Tathawade,2,79.0,9,68.0,68.00016784667969,68.0,68.0
148,Shapoorji Joyville Sensorium,Hinjewadi,3,91.0,15,1.07,55.22319030761719,1.07,1.0699999999999974
149,Shapoorji Joyville Sensorium,Hinjewadi,2,70.0,15,82.725,48.87968444824219,82.725,82.72500000000015
150,Kolte Patil Crown,Moshi,2,61.0,15,39.445,39.44549560546875,39.44500000000001,39.44500000000007
151,Elated Khushvista,NIBM,2,66.0,15,49.14,49.13981628417969,49.13999999999999,49.140000000000015
152,Aishwaryam Insignia,Punawale,2,62.0,5,48.8,48.80000305175781,48.800000000000004,48.80000000000009
153,Leisure Town,Hadapsar,2,69.0,7,83.0,69.16716003417969,83.0,83.0
154,Park Titan,Marunji,3,102.5,9,94.0,89.31660461425781,94.0,94.0
155,Leisure Town,Hadapsar,1,42.0,7,49.0,61.80973815917969,49.0,43.47360000000001
156,Park Titan,Marunji,2,70.0,9,73.0,81.02967834472656,73.0,73.0
157,Pethkar Siyona4.4 ★,Punawale,3,102.5,15,103.0,90.80763244628906,103.0,103.0
158,Pethkar Siyona4.4 ★,Punawale,2,79.5,15,72.0,84.12611389160156,72.0,71.35919999999997
159,Ganraj Skydale,Undri,2,56.0,15,40.235,37.99839782714844,40.23500000000001,40.23500000000004
160,Ganraj Skydale,Undri,1,40.5,15,29.439999999999998,32.58427429199219,29.439999999999998,31.38030000000003
161,Vansh Viva,Kiwale,2,64.0,9,44.26,40.76380920410156,44.26,45.4988000000001
162,Vansh Viva,Kiwale,1,42.0,9,31.4,34.25126647949219,31.400000000000002,31.400000000000055
163,Bright Aristo,Wagholi,2,63.0,5,42.0,41.46846008300781,42.0,42.0
164,Bright Aristo,Wagholi,1,44.0,5,35.0,35.46290588378906,35.0,35.14
165,Kumar Palmcrest,Pisoli,2,72.0,15,0.0,6.103515625e-05,0.0,0.0
166,Samarth Mrudula Residency,Bhosari,1,39.5,34,35.5,35.35124206542969,35.5,37.71829999999999
167,Unika,Hadapsar,3,99.0,12,1.05,39.23320007324219,1.05,1.049999999999998
168,Nivasa Enchante,Lohegaon,3,79.0,7,79.04,72.51554870605469,79.04,79.03999999999998
169,Nivasa Enchante,Lohegaon,2,66.5,7,61.155,67.60838317871094,61.155,55.972800000000014
170,Tirupati Nakshatra,Marunji,2,61.0,8,36.22,33.99067687988281,36.22,36.260149999999925
171,Tirupati Nakshatra,Marunji,1,41.5,8,25.195,27.900619506835938,25.195,25.27100000000002
172,Runal Spacio,Kiwale,3,79.0,15,76.0,72.84593200683594,76.0,76.0
173,Runal Spacio,Kiwale,2,65.0,15,65.0,67.685302734375,65.0,64.7226
174,Shapoorji Joyville Hadapsar Annexe4.4 ★,Shewalewadi,3,83.0,15,94.4,72.57835388183594,94.4,94.01909999999981
175,Shapoorji Joyville Hadapsar Annexe4.4 ★,Shewalewadi,2,62.0,15,71.2,66.23481750488281,71.2,62.914799999999914
176,Shapoorji Joyville Hadapsar Annexe4.4 ★,Shewalewadi,1,39.0,15,42.02,59.55329895019531,42.02,42.02
177,Gulmohar Sky Park,Dhanori,2,58.5,6,52.655,52.51438903808594,52.654999999999994,52.65500000000001
178,Kalpataru Exquisite,Wakad,3,104.0,15,1.14,1.1400299072265625,1.14,1.1400000000000003
179,Goodwill Meadows4.2 ★,Lohegaon,2,30.0,30,48.0,47.85520935058594,48.0,48.0
180,Orchid Homes,Chinchwad,3,101.0,17,100.0,92.73246765136719,100.0,100.06
181,Orchid Homes,Chinchwad,2,74.5,17,75.85499999999999,85.45948791503906,75.85499999999999,74.27659999999983
182,NG Rathi Vrundavan,Vishrantwadi,2,56.0,49,56.0,55.99980163574219,56.0,56.0
183,Manasi Residency,Budruk,2,53.0,29,47.0,46.30928039550781,47.0,47.0
184,Manasi Residency,Budruk,1,46.0,29,40.0,42.33158874511719,40.0,40.193900000000006
185,Townscape Sneh Mithila,Saudagar,2,73.0,6,70.0,69.83079528808594,70.0,73.62745000000004
186,Mulik Luxuria3.3 ★,Wagholi,2,74.0,15,51.334999999999994,49.33726501464844,51.33499999999999,51.499900000000025
187,Greenville,Hadapsar,3,97.5,4,96.62,96.61882019042969,96.62,95.48850000000004
188,Unika,Hadapsar,2,73.0,12,78.0,32.04472351074219,78.0,78.0
189,Jhala Group Mahalunge Riviera,Mahalunge,3,89.5,14,94.25,94.080810546875,94.25,94.62450000000003
190,Rohan VITI,Wakad,3,98.0,6,1.25,54.97123718261719,1.25,13.3719
191,Rohan VITI,Wakad,2,74.0,6,93.0,48.12071228027344,93.0,93.0
192,Pride SOHO,Charholi,3,88.0,12,74.71,70.21734619140625,74.71,74.71000000000002
193,Pride SOHO,Charholi,2,72.5,12,60.379999999999995,64.80325317382812,60.379999999999995,60.57260000000009
194,JD Gaatha,Lohegaon,3,95.0,8,73.795,70.30741882324219,73.795,73.79500000000006
195,JD Gaatha,Lohegaon,2,71.5,8,56.735,63.54142761230469,56.73499999999999,57.65364999999995
196,iLife Upper NIBM,NIBM,3,95.0,14,84.88,79.04789733886719,84.88,84.88000000000005
197,iLife Upper NIBM,NIBM,2,73.5,14,66.86,72.61985778808594,66.86,66.8599999999999
198,Mulik Luxuria3.3 ★,Wagholi,3,95.0,15,64.66,55.680816650390625,64.66,64.65999999999991
199,Mulik Luxuria3.3 ★,Wagholi,1,40.0,15,28.55,40.79685974121094,28.55,32.16420000000002
200,Rohit Aloha,Wakad,2,71.0,10,70.01,69.87440490722656,70.01,70.03830000000015
201,Miravet District,Ravet,2,79.5,15,67.74000000000001,67.73960876464844,67.74000000000001,67.73999999999985
202,LMS Finswell Woods,Nagar,2,72.5,47,98.5,98.49932861328125,98.5,98.5
203,Mangal Shanti Mansha Phase 2,Wagholi,2,62.0,13,47.14,47.13984680175781,47.13999999999999,47.14000000000001
204,Solitere Emerald Tower,Budruk,2,72.0,50,67.825,67.82466125488281,67.82500000000002,67.82499999999987
205,Kuber Antonia,Wakad,2,68.0,48,66.57,66.56968688964844,66.56999999999996,66.56999999999992
206,Anika Piccadilly,Punawale,2,69.0,15,55.0,55.00019836425781,55.0,55.0
207,Godrej Woodsville,Hinjewadi,3,90.0,6,99.6,91.20913696289062,99.6,99.60000000000018
208,Godrej Woodsville,Hinjewadi,2,72.0,6,78.1,85.37255859375,78.1,78.10000000000014
209,Nyati Exuberance,Undri,2,64.0,15,58.0,58.00028991699219,58.0,58.0
210,Kalpataru Jade Residences,Baner,3,125.0,9,2.5,2.5002899169921875,2.5,2.5
211,La Centra,Tathawade,2,103.5,7,74.68,74.68006896972656,74.68000000000004,74.6800000000001
212,Madhur Aangan,Ravet,2,59.5,7,49.5,49.50022888183594,49.5,49.5
213,Tathawade Mhada,Tathawade,2,79.0,9,68.0,68.00016784667969,68.0,68.0
214,Shapoorji Joyville Sensorium,Hinjewadi,3,91.0,15,1.07,55.22319030761719,1.07,1.0699999999999974
215,Shapoorji Joyville Sensorium,Hinjewadi,2,70.0,15,82.725,48.87968444824219,82.725,82.72500000000015
216,Kolte Patil Crown,Moshi,2,61.0,15,39.445,39.44549560546875,39.44500000000001,39.44500000000007
217,Elated Khushvista,NIBM,2,66.0,15,49.14,49.13981628417969,49.13999999999999,49.140000000000015
218,Aishwaryam Insignia,Punawale,2,62.0,5,48.8,48.80000305175781,48.800000000000004,48.80000000000009
219,Leisure Town,Hadapsar,2,69.0,7,83.0,69.16716003417969,83.0,83.0
220,Park Titan,Marunji,3,102.5,9,94.0,89.31660461425781,94.0,94.0
221,Leisure Town,Hadapsar,1,43.0,7,49.0,61.97868347167969,49.0,49.0
222,Leisure Town,Hadapsar,1,43.0,7,49.0,61.97868347167969,49.0,49.0
223,Park Titan,Marunji,2,70.0,9,73.0,81.02967834472656,73.0,73.0
224,Pethkar Siyona4.4 ★,Punawale,3,102.5,15,103.0,90.80763244628906,103.0,103.0
225,Pethkar Siyona4.4 ★,Punawale,2,80.0,15,72.0,84.21061706542969,72.0,71.95824999999999
226,Ganraj Skydale,Undri,2,56.5,15,40.235,38.08293151855469,40.23500000000001,40.23500000000004
227,Ganraj Skydale,Undri,1,41.0,15,29.439999999999998,32.66880798339844,29.439999999999998,29.49170000000004
228,Vansh Viva,Kiwale,2,65.0,9,44.26,40.93278503417969,44.26,44.46740000000012
229,Vansh Viva,Kiwale,1,42.0,9,31.4,34.25126647949219,31.400000000000002,31.400000000000055
230,Bright Aristo,Wagholi,2,63.0,5,42.0,41.46846008300781,42.0,42.0
231,Bright Aristo,Wagholi,1,45.0,5,35.0,35.63188171386719,35.0,35.05
232,Kumar Palmcrest,Pisoli,2,72.0,15,0.0,6.103515625e-05,0.0,0.0
233,Samarth Mrudula Residency,Bhosari,1,40.5,34,35.5,35.52018737792969,35.5,35.5
234,Unika,Hadapsar,3,99.0,12,1.05,39.23320007324219,1.05,1.049999999999998
235,Nivasa Enchante,Lohegaon,3,79.0,7,79.04,72.51554870605469,79.04,79.03999999999998
236,Nivasa Enchante,Lohegaon,2,67.0,7,61.155,67.69285583496094,61.154999999999994,61.15499999999997
237,Tirupati Nakshatra,Marunji,2,62.0,8,36.22,34.15965270996094,36.22,36.21999999999993
238,Tirupati Nakshatra,Marunji,1,42.0,8,25.195,27.985122680664062,25.195,25.195000000000014
239,Runal Spacio,Kiwale,3,79.0,15,76.0,72.84593200683594,76.0,76.0
240,Runal Spacio,Kiwale,2,65.5,15,65.0,67.76980590820312,65.0,65.0
241,Shapoorji Joyville Hadapsar Annexe4.4 ★,Shewalewadi,3,83.0,15,94.4,72.57835388183594,94.4,94.01909999999981
242,Shapoorji Joyville Hadapsar Annexe4.4 ★,Shewalewadi,2,62.5,15,71.2,66.31930541992188,71.2,68.51239999999989
243,Shapoorji Joyville Hadapsar Annexe4.4 ★,Shewalewadi,1,40.0,15,42.02,59.72227478027344,42.02,42.02
244,Gulmohar Sky Park,Dhanori,2,59.5,6,52.655,52.68333435058594,52.654999999999994,52.65500000000001
245,Kalpataru Exquisite,Wakad,3,104.0,15,1.14,1.1400299072265625,1.14,1.1400000000000003
246,Goodwill Meadows4.2 ★,Lohegaon,2,31.0,30,48.0,48.02421569824219,48.0,48.0
247,Orchid Homes,Chinchwad,3,101.0,17,100.0,92.73246765136719,100.0,100.06
248,Orchid Homes,Chinchwad,2,75.0,17,75.85499999999999,85.54397583007812,75.85499999999999,75.34929999999981
249,NG Rathi Vrundavan,Vishrantwadi,2,56.0,49,56.0,55.99980163574219,56.0,56.0
250,Manasi Residency,Budruk,2,53.0,29,47.0,46.30928039550781,47.0,47.0
251,Manasi Residency,Budruk,1,47.0,29,40.0,42.50056457519531,40.0,40.243900000000004
252,Townscape Sneh Mithila,Saudagar,2,74.0,6,70.0,69.99978637695312,70.0,70.081
253,Mulik Luxuria3.3 ★,Wagholi,2,74.0,15,51.334999999999994,49.33726501464844,51.33499999999999,51.499900000000025
254,Greenville,Hadapsar,3,97.5,4,96.62,96.61882019042969,96.62,95.48850000000004
255,Unika,Hadapsar,2,74.0,12,78.0,32.21366882324219,78.0,78.0
256,Jhala Group Mahalunge Riviera,Mahalunge,3,90.5,14,94.25,94.24980163574219,94.25,94.25
257,Rohan VITI,Wakad,3,99.0,6,1.25,55.14021301269531,1.25,3.1554
258,Rohan VITI,Wakad,2,74.0,6,93.0,48.12071228027344,93.0,93.0
259,Pride SOHO,Charholi,3,88.0,12,74.71,70.21734619140625,74.71,74.71000000000002
260,Pride SOHO,Charholi,2,73.0,12,60.379999999999995,64.88774108886719,60.379999999999995,60.38000000000009
261,JD Gaatha,Lohegaon,3,95.5,8,73.795,70.39195251464844,73.795,73.79500000000006
262,JD Gaatha,Lohegaon,2,71.5,8,56.735,63.54142761230469,56.73499999999999,57.65364999999995
263,iLife Upper NIBM,NIBM,3,95.5,14,84.88,79.13236999511719,84.88,84.88000000000005
264,iLife Upper NIBM,NIBM,2,73.5,14,66.86,72.61985778808594,66.86,66.8599999999999
265,Mulik Luxuria3.3 ★,Wagholi,3,95.5,15,64.66,55.76530456542969,64.65999999999998,64.65999999999991
266,Mulik Luxuria3.3 ★,Wagholi,1,41.0,15,28.55,40.965850830078125,28.55,28.57850000000003
267,Rohit Aloha,Wakad,2,72.0,10,70.01,70.04341125488281,70.01,69.97850000000015
268,Miravet District,Ravet,2,79.5,15,67.74000000000001,67.73960876464844,67.74000000000001,67.73999999999985
269,LMS Finswell Woods,Nagar,2,72.5,47,98.5,98.49932861328125,98.5,98.5
270,Mangal Shanti Mansha Phase 2,Wagholi,2,62.0,13,47.14,47.13984680175781,47.13999999999999,47.14000000000001
271,Solitere Emerald Tower,Budruk,2,72.0,50,67.825,67.82466125488281,67.82500000000002,67.82499999999987
272,Kuber Antonia,Wakad,2,68.0,48,66.57,66.56968688964844,66.56999999999996,66.56999999999992
273,Maithili Square,Kiwale,2,60.0,6,46.34,46.33998107910156,46.34000000000001,46.34000000000006
274,Anika Piccadilly,Punawale,2,69.0,15,55.0,55.00019836425781,55.0,55.0
275,Godrej Woodsville,Hinjewadi,3,90.0,6,99.6,91.20913696289062,99.6,99.60000000000018
276,Godrej Woodsville,Hinjewadi,2,72.0,6,78.1,85.37255859375,78.1,78.10000000000014
277,Nyati Exuberance,Undri,2,64.0,15,58.0,58.00028991699219,58.0,58.0
278,Kalpataru Jade Residences,Baner,3,125.0,9,2.5,2.5002899169921875,2.5,2.5
279,La Centra,Tathawade,2,103.5,7,74.68,74.68006896972656,74.68000000000004,74.6800000000001
280,Madhur Aangan,Ravet,2,59.5,7,49.5,49.50022888183594,49.5,49.5
281,Tathawade Mhada,Tathawade,2,79.0,9,68.0,68.00016784667969,68.0,68.0
282,Shapoorji Joyville Sensorium,Hinjewadi,3,91.0,15,1.07,55.22319030761719,1.07,1.0699999999999974
283,Shapoorji Joyville Sensorium,Hinjewadi,2,70.0,15,82.725,48.87968444824219,82.725,82.72500000000015
284,Kolte Patil Crown,Moshi,2,61.0,15,39.445,39.44549560546875,39.44500000000001,39.44500000000007
285,Elated Khushvista,NIBM,2,66.0,15,49.14,49.13981628417969,49.13999999999999,49.140000000000015
286,Aishwaryam Insignia,Punawale,2,62.0,5,48.8,48.80000305175781,48.800000000000004,48.80000000000009
287,Leisure Town,Hadapsar,2,69.0,7,83.0,69.16716003417969,83.0,83.0
288,Park Titan,Marunji,3,102.5,9,94.0,89.31660461425781,94.0,94.0
289,Leisure Town,Hadapsar,1,43.0,7,49.0,61.97868347167969,49.0,49.0
290,Park Titan,Marunji,2,70.0,9,73.0,81.02967834472656,73.0,73.0
291,Pethkar Siyona4.4 ★,Punawale,3,102.5,15,103.0,90.80763244628906,103.0,103.0
292,Pethkar Siyona4.4 ★,Punawale,2,80.0,15,72.0,84.21061706542969,72.0,71.95824999999999
293,Ganraj Skydale,Undri,2,56.5,15,40.235,38.08293151855469,40.23500000000001,40.23500000000004
294,Ganraj Skydale,Undri,1,41.0,15,29.439999999999998,32.66880798339844,29.439999999999998,29.49170000000004
295,Vansh Viva,Kiwale,2,65.0,9,44.26,40.93278503417969,44.26,44.46740000000012
296,Vansh Viva,Kiwale,1,42.0,9,31.4,34.25126647949219,31.400000000000002,31.400000000000055
297,Bright Aristo,Wagholi,2,63.0,5,42.0,41.46846008300781,42.0,42.0
298,Bright Aristo,Wagholi,1,45.0,5,35.0,35.63188171386719,35.0,35.05
299,Kumar Palmcrest,Pisoli,2,72.0,15,0.0,6.103515625e-05,0.0,0.0
300,Samarth Mrudula Residency,Bhosari,1,40.5,34,35.5,35.52018737792969,35.5,35.5
301,Unika,Hadapsar,3,99.0,12,1.05,39.23320007324219,1.05,1.049999999999998
302,Nivasa Enchante,Lohegaon,3,79.0,7,79.04,72.51554870605469,79.04,79.03999999999998
303,Nivasa Enchante,Lohegaon,2,67.0,7,61.155,67.69285583496094,61.154999999999994,61.15499999999997
304,Tirupati Nakshatra,Marunji,2,62.0,8,36.22,34.15965270996094,36.22,36.21999999999993
305,Tirupati Nakshatra,Marunji,1,42.0,8,25.195,27.985122680664062,25.195,25.195000000000014
306,Runal Spacio,Kiwale,3,79.0,15,76.0,72.84593200683594,76.0,76.0
307,Runal Spacio,Kiwale,2,65.5,15,65.0,67.76980590820312,65.0,65.0
308,Shapoorji Joyville Hadapsar Annexe4.4 ★,Shewalewadi,3,83.0,15,94.4,72.57835388183594,94.4,94.01909999999981
309,Shapoorji Joyville Hadapsar Annexe4.4 ★,Shewalewadi,2,62.5,15,71.2,66.31930541992188,71.2,68.51239999999989
310,Shapoorji Joyville Hadapsar Annexe4.4 ★,Shewalewadi,1,40.0,15,42.02,59.72227478027344,42.02,42.02
311,Gulmohar Sky Park,Dhanori,2,59.5,6,52.655,52.68333435058594,52.654999999999994,52.65500000000001
312,Kalpataru Exquisite,Wakad,3,104.0,15,1.14,1.1400299072265625,1.14,1.1400000000000003
313,Goodwill Meadows4.2 ★,Lohegaon,2,31.0,30,48.0,48.02421569824219,48.0,48.0
314,Orchid Homes,Chinchwad,3,101.0,17,100.0,92.73246765136719,100.0,100.06
315,Orchid Homes,Chinchwad,2,75.0,17,75.85499999999999,85.54397583007812,75.85499999999999,75.34929999999981
316,NG Rathi Vrundavan,Vishrantwadi,2,56.0,49,56.0,55.99980163574219,56.0,56.0
317,Manasi Residency,Budruk,2,53.0,29,47.0,46.30928039550781,47.0,47.0
318,Manasi Residency,Budruk,1,47.0,29,40.0,42.50056457519531,40.0,40.243900000000004
319,Townscape Sneh Mithila,Saudagar,2,74.0,6,70.0,69.99978637695312,70.0,70.081
320,Mulik Luxuria3.3 ★,Wagholi,2,74.0,15,51.334999999999994,49.33726501464844,51.33499999999999,51.499900000000025
321,Greenville,Hadapsar,3,97.5,4,96.62,96.61882019042969,96.62,95.48850000000004
322,Unika,Hadapsar,2,74.0,12,78.0,32.21366882324219,78.0,78.0
323,Jhala Group Mahalunge Riviera,Mahalunge,3,90.5,14,94.25,94.24980163574219,94.25,94.25
324,Rohan VITI,Wakad,3,99.0,6,1.25,55.14021301269531,1.25,3.1554
325,Rohan VITI,Wakad,2,74.0,6,93.0,48.12071228027344,93.0,93.0
326,Pride SOHO,Charholi,3,88.0,12,74.71,70.21734619140625,74.71,74.71000000000002
327,Pride SOHO,Charholi,2,73.0,12,60.379999999999995,64.88774108886719,60.379999999999995,60.38000000000009
328,JD Gaatha,Lohegaon,3,95.5,8,73.795,70.39195251464844,73.795,73.79500000000006
329,JD Gaatha,Lohegaon,2,71.5,8,56.735,63.54142761230469,56.73499999999999,57.65364999999995
330,iLife Upper NIBM,NIBM,3,95.5,14,84.88,79.13236999511719,84.88,84.88000000000005
331,iLife Upper NIBM,NIBM,2,73.5,14,66.86,72.61985778808594,66.86,66.8599999999999
332,Mulik Luxuria3.3 ★,Wagholi,3,95.5,15,64.66,55.76530456542969,64.65999999999998,64.65999999999991
333,Mulik Luxuria3.3 ★,Wagholi,1,41.0,15,28.55,40.965850830078125,28.55,28.57850000000003
334,Rohit Aloha,Wakad,2,72.0,10,70.01,70.04341125488281,70.01,69.97850000000015
335,Miravet District,Ravet,2,79.5,15,67.74000000000001,67.73960876464844,67.74000000000001,67.73999999999985
336,LMS Finswell Woods,Nagar,2,72.5,47,98.5,98.49932861328125,98.5,98.5
337,Mangal Shanti Mansha Phase 2,Wagholi,2,62.0,13,47.14,47.13984680175781,47.13999999999999,47.14000000000001
338,Solitere Emerald Tower,Budruk,2,72.0,50,67.825,67.82466125488281,67.82500000000002,67.82499999999987
339,Kuber Antonia,Wakad,2,68.0,48,66.57,66.56968688964844,66.56999999999996,66.56999999999992
340,Maithili Square,Kiwale,2,60.0,6,46.34,46.33998107910156,46.34000000000001,46.34000000000006
341,Anika Piccadilly,Punawale,2,69.0,15,55.0,55.00019836425781,55.0,55.0
342,Godrej Woodsville,Hinjewadi,3,90.0,6,99.6,91.20913696289062,99.6,99.60000000000018
343,Godrej Woodsville,Hinjewadi,2,72.0,6,78.1,85.37255859375,78.1,78.10000000000014
344,Nyati Exuberance,Undri,2,64.0,15,58.0,58.00028991699219,58.0,58.0
345,Kalpataru Jade Residences,Baner,3,125.0,9,2.5,2.5002899169921875,2.5,2.5
346,La Centra,Tathawade,2,103.5,7,74.68,74.68006896972656,74.68000000000004,74.6800000000001
347,Madhur Aangan,Ravet,2,59.5,7,49.5,49.50022888183594,49.5,49.5
348,Tathawade Mhada,Tathawade,2,79.0,9,68.0,68.00016784667969,68.0,68.0
349,Shapoorji Joyville Sensorium,Hinjewadi,3,91.0,15,1.07,55.22319030761719,1.07,1.0699999999999974
350,Shapoorji Joyville Sensorium,Hinjewadi,2,70.0,15,82.725,48.87968444824219,82.725,82.72500000000015
351,Kolte Patil Crown,Moshi,2,61.0,15,39.445,39.44549560546875,39.44500000000001,39.44500000000007
352,Elated Khushvista,NIBM,2,66.0,15,49.14,49.13981628417969,49.13999999999999,49.140000000000015
353,Aishwaryam Insignia,Punawale,2,62.0,5,48.8,48.80000305175781,48.800000000000004,48.80000000000009
354,Leisure Town,Hadapsar,2,69.0,7,83.0,69.16716003417969,83.0,83.0
355,Park Titan,Marunji,3,102.5,9,94.0,89.31660461425781,94.0,94.0
356,Leisure Town,Hadapsar,1,43.0,7,49.0,61.97868347167969,49.0,49.0
357,Park Titan,Marunji,2,70.0,9,73.0,81.02967834472656,73.0,73.0
358,Pethkar Siyona4.4 ★,Punawale,3,102.5,15,103.0,90.80763244628906,103.0,103.0
359,Pethkar Siyona4.4 ★,Punawale,2,80.0,15,72.0,84.21061706542969,72.0,71.95824999999999
360,Ganraj Skydale,Undri,2,56.5,15,40.235,38.08293151855469,40.23500000000001,40.23500000000004
361,Ganraj Skydale,Undri,1,41.0,15,29.439999999999998,32.66880798339844,29.439999999999998,29.49170000000004
362,Vansh Viva,Kiwale,2,65.0,9,44.26,40.93278503417969,44.26,44.46740000000012
363,Vansh Viva,Kiwale,1,42.0,9,31.4,34.25126647949219,31.400000000000002,31.400000000000055
364,Bright Aristo,Wagholi,2,63.0,5,42.0,41.46846008300781,42.0,42.0
365,Bright Aristo,Wagholi,1,45.0,5,35.0,35.63188171386719,35.0,35.05
366,Kumar Palmcrest,Pisoli,2,72.0,15,0.0,6.103515625e-05,0.0,0.0
367,Samarth Mrudula Residency,Bhosari,1,40.5,34,35.5,35.52018737792969,35.5,35.5
368,Unika,Hadapsar,3,99.0,12,1.05,39.23320007324219,1.05,1.049999999999998
369,Nivasa Enchante,Lohegaon,3,79.0,7,79.04,72.51554870605469,79.04,79.03999999999998
370,Nivasa Enchante,Lohegaon,2,67.0,7,61.155,67.69285583496094,61.154999999999994,61.15499999999997
371,Tirupati Nakshatra,Marunji,2,62.0,8,36.22,34.15965270996094,36.22,36.21999999999993
372,Tirupati Nakshatra,Marunji,1,42.0,8,25.195,27.985122680664062,25.195,25.195000000000014
373,Runal Spacio,Kiwale,3,79.0,15,76.0,72.84593200683594,76.0,76.0
374,Runal Spacio,Kiwale,2,65.5,15,65.0,67.76980590820312,65.0,65.0
375,Shapoorji Joyville Hadapsar Annexe4.4 ★,Shewalewadi,3,83.0,15,94.4,72.57835388183594,94.4,94.01909999999981
376,Shapoorji Joyville Hadapsar Annexe4.4 ★,Shewalewadi,2,62.5,15,71.2,66.31930541992188,71.2,68.51239999999989
377,Shapoorji Joyville Hadapsar Annexe4.4 ★,Shewalewadi,1,40.0,15,42.02,59.72227478027344,42.02,42.02
378,Gulmohar Sky Park,Dhanori,2,59.5,6,52.655,52.68333435058594,52.654999999999994,52.65500000000001
379,Kalpataru Exquisite,Wakad,3,104.0,15,1.14,1.1400299072265625,1.14,1.1400000000000003
380,Goodwill Meadows4.2 ★,Lohegaon,2,31.0,30,48.0,48.02421569824219,48.0,48.0
381,Orchid Homes,Chinchwad,3,101.0,17,100.0,92.73246765136719,100.0,100.06
382,Orchid Homes,Chinchwad,2,75.0,17,75.85499999999999,85.54397583007812,75.85499999999999,75.34929999999981
383,NG Rathi Vrundavan,Vishrantwadi,2,56.0,49,56.0,55.99980163574219,56.0,56.0
384,Manasi Residency,Budruk,2,53.0,29,47.0,46.30928039550781,47.0,47.0
385,Manasi Residency,Budruk,1,47.0,29,40.0,42.50056457519531,40.0,40.243900000000004
386,Townscape Sneh Mithila,Saudagar,2,74.0,6,70.0,69.99978637695312,70.0,70.081
387,Mulik Luxuria3.3 ★,Wagholi,2,74.0,15,51.334999999999994,49.33726501464844,51.33499999999999,51.499900000000025
388,Greenville,Hadapsar,3,97.5,4,96.62,96.61882019042969,96.62,95.48850000000004
389,Unika,Hadapsar,2,74.0,12,78.0,32.21366882324219,78.0,78.0
390,Jhala Group Mahalunge Riviera,Mahalunge,3,90.5,14,94.25,94.24980163574219,94.25,94.25
391,Rohan VITI,Wakad,3,99.0,6,1.25,55.14021301269531,1.25,3.1554
392,Rohan VITI,Wakad,2,74.0,6,93.0,48.12071228027344,93.0,93.0
393,Pride SOHO,Charholi,3,88.0,12,74.71,70.21734619140625,74.71,74.71000000000002
394,Pride SOHO,Charholi,2,73.0,12,60.379999999999995,64.88774108886719,60.379999999999995,60.38000000000009
395,JD Gaatha,Lohegaon,3,95.5,8,73.795,70.39195251464844,73.795,73.79500000000006
396,JD Gaatha,Lohegaon,2,71.5,8,56.735,63.54142761230469,56.73499999999999,57.65364999999995
397,iLife Upper NIBM,NIBM,3,95.5,14,84.88,79.13236999511719,84.88,84.88000000000005
398,iLife Upper NIBM,NIBM,2,73.5,14,66.86,72.61985778808594,66.86,66.8599999999999
399,Mulik Luxuria3.3 ★,Wagholi,3,95.5,15,64.66,55.76530456542969,64.65999999999998,64.65999999999991
400,Mulik Luxuria3.3 ★,Wagholi,1,41.0,15,28.55,40.965850830078125,28.55,28.57850000000003
401,Rohit Aloha,Wakad,2,72.0,10,70.01,70.04341125488281,70.01,69.97850000000015
402,Miravet District,Ravet,2,79.5,15,67.74000000000001,67.73960876464844,67.74000000000001,67.73999999999985
403,LMS Finswell Woods,Nagar,2,72.5,47,98.5,98.49932861328125,98.5,98.5
404,Solitere Emerald Tower,Budruk,2,72.0,50,67.825,67.82466125488281,67.82500000000002,67.82499999999987
405,Kuber Antonia,Wakad,2,68.0,48,66.57,66.56968688964844,66.56999999999996,66.56999999999992
406,Maithili Square,Kiwale,2,60.0,6,46.34,46.33998107910156,46.34000000000001,46.34000000000006
407,Anika Piccadilly,Punawale,2,69.0,15,55.0,55.00019836425781,55.0,55.0
408,Godrej Woodsville,Hinjewadi,3,90.0,6,99.6,91.20913696289062,99.6,99.60000000000018
409,Godrej Woodsville,Hinjewadi,2,72.0,6,78.1,85.37255859375,78.1,78.10000000000014
410,Nyati Exuberance,Undri,2,64.0,15,58.0,58.00028991699219,58.0,58.0
411,Kalpataru Jade Residences,Baner,3,125.0,9,2.5,2.5002899169921875,2.5,2.5
412,La Centra,Tathawade,2,103.5,7,74.68,74.68006896972656,74.68000000000004,74.6800000000001
413,Madhur Aangan,Ravet,2,59.5,7,49.5,49.50022888183594,49.5,49.5
414,Tathawade Mhada,Tathawade,2,79.0,9,68.0,68.00016784667969,68.0,68.0
415,Shapoorji Joyville Sensorium,Hinjewadi,3,91.0,15,1.07,55.22319030761719,1.07,1.0699999999999974
416,Shapoorji Joyville Sensorium,Hinjewadi,2,70.0,15,82.725,48.87968444824219,82.725,82.72500000000015
417,Kolte Patil Crown,Moshi,2,61.0,15,39.445,39.44549560546875,39.44500000000001,39.44500000000007
418,Elated Khushvista,NIBM,2,66.0,15,49.14,49.13981628417969,49.13999999999999,49.140000000000015
419,Aishwaryam Insignia,Punawale,2,62.0,5,48.8,48.80000305175781,48.800000000000004,48.80000000000009
420,Leisure Town,Hadapsar,2,69.0,7,83.0,69.16716003417969,83.0,83.0
421,Park Titan,Marunji,3,102.5,9,94.0,89.31660461425781,94.0,94.0
422,Leisure Town,Hadapsar,1,43.0,7,49.0,61.97868347167969,49.0,49.0
423,Leisure Town,Hadapsar,1,43.0,7,49.0,61.97868347167969,49.0,49.0
424,Park Titan,Marunji,2,70.0,9,73.0,81.02967834472656,73.0,73.0
425,Pethkar Siyona4.4 ★,Punawale,3,102.5,15,103.0,90.80763244628906,103.0,103.0
426,Pethkar Siyona4.4 ★,Punawale,2,80.0,15,72.0,84.21061706542969,72.0,71.95824999999999
427,Ganraj Skydale,Undri,2,56.5,15,40.235,38.08293151855469,40.23500000000001,40.23500000000004
428,Ganraj Skydale,Undri,1,41.0,15,29.439999999999998,32.66880798339844,29.439999999999998,29.49170000000004
429,Vansh Viva,Kiwale,2,65.0,9,44.26,40.93278503417969,44.26,44.46740000000012
430,Vansh Viva,Kiwale,1,42.0,9,31.4,34.25126647949219,31.400000000000002,31.400000000000055
431,Bright Aristo,Wagholi,2,63.0,5,42.0,41.46846008300781,42.0,42.0
432,Bright Aristo,Wagholi,1,45.0,5,35.0,35.63188171386719,35.0,35.05
433,Kumar Palmcrest,Pisoli,2,72.0,15,0.0,6.103515625e-05,0.0,0.0
434,Samarth Mrudula Residency,Bhosari,1,40.5,34,35.5,35.52018737792969,35.5,35.5
435,Unika,Hadapsar,3,99.0,12,1.05,39.23320007324219,1.05,1.049999999999998
436,Nivasa Enchante,Lohegaon,3,79.0,7,79.04,72.51554870605469,79.04,79.03999999999998
437,Nivasa Enchante,Lohegaon,2,67.0,7,61.155,67.69285583496094,61.154999999999994,61.15499999999997
438,Tirupati Nakshatra,Marunji,2,62.0,8,36.22,34.15965270996094,36.22,36.21999999999993
439,Tirupati Nakshatra,Marunji,1,42.0,8,25.195,27.985122680664062,25.195,25.195000000000014
440,Runal Spacio,Kiwale,3,79.0,15,76.0,72.84593200683594,76.0,76.0
441,Runal Spacio,Kiwale,2,65.5,15,65.0,67.76980590820312,65.0,65.0
442,Shapoorji Joyville Hadapsar Annexe4.4 ★,Shewalewadi,3,83.0,15,94.4,72.57835388183594,94.4,94.01909999999981
443,Shapoorji Joyville Hadapsar Annexe4.4 ★,Shewalewadi,2,62.5,15,71.2,66.31930541992188,71.2,68.51239999999989
444,Shapoorji Joyville Hadapsar Annexe4.4 ★,Shewalewadi,1,40.0,15,42.02,59.72227478027344,42.02,42.02
445,Gulmohar Sky Park,Dhanori,2,59.5,6,52.655,52.68333435058594,52.654999999999994,52.65500000000001
446,Kalpataru Exquisite,Wakad,3,104.0,15,1.14,1.1400299072265625,1.14,1.1400000000000003
447,Goodwill Meadows4.2 ★,Lohegaon,2,31.0,30,48.0,48.02421569824219,48.0,48.0
448,Orchid Homes,Chinchwad,3,101.0,17,100.0,92.73246765136719,100.0,100.06
449,Orchid Homes,Chinchwad,2,75.0,17,75.85499999999999,85.54397583007812,75.85499999999999,75.34929999999981
450,NG Rathi Vrundavan,Vishrantwadi,2,56.0,49,56.0,55.99980163574219,56.0,56.0
451,Manasi Residency,Budruk,2,53.0,29,47.0,46.30928039550781,47.0,47.0
452,Manasi Residency,Budruk,1,47.0,29,40.0,42.50056457519531,40.0,40.243900000000004
453,Townscape Sneh Mithila,Saudagar,2,74.0,6,70.0,69.99978637695312,70.0,70.081
454,Mulik Luxuria3.3 ★,Wagholi,2,74.0,15,51.334999999999994,49.33726501464844,51.33499999999999,51.499900000000025
455,Greenville,Hadapsar,3,97.5,4,96.62,96.61882019042969,96.62,95.48850000000004
456,Unika,Hadapsar,2,74.0,12,78.0,32.21366882324219,78.0,78.0
457,Jhala Group Mahalunge Riviera,Mahalunge,3,90.5,14,94.25,94.24980163574219,94.25,94.25
458,Rohan VITI,Wakad,3,99.0,6,1.25,55.14021301269531,1.25,3.1554
459,Rohan VITI,Wakad,2,74.0,6,93.0,48.12071228027344,93.0,93.0
460,Pride SOHO,Charholi,3,88.0,12,74.71,70.21734619140625,74.71,74.71000000000002
461,Pride SOHO,Charholi,2,73.0,12,60.379999999999995,64.88774108886719,60.379999999999995,60.38000000000009
462,JD Gaatha,Lohegaon,3,95.5,8,73.795,70.39195251464844,73.795,73.79500000000006
463,JD Gaatha,Lohegaon,2,71.5,8,56.735,63.54142761230469,56.73499999999999,57.65364999999995
464,iLife Upper NIBM,NIBM,3,95.5,14,84.88,79.13236999511719,84.88,84.88000000000005
465,iLife Upper NIBM,NIBM,2,73.5,14,66.86,72.61985778808594,66.86,66.8599999999999
466,Mulik Luxuria3.3 ★,Wagholi,3,95.5,15,64.66,55.76530456542969,64.65999999999998,64.65999999999991
467,Mulik Luxuria3.3 ★,Wagholi,1,41.0,15,28.55,40.965850830078125,28.55,28.57850000000003
468,Rohit Aloha,Wakad,2,72.0,10,70.01,70.04341125488281,70.01,69.97850000000015
469,Miravet District,Ravet,2,79.5,15,67.74000000000001,67.73960876464844,67.74000000000001,67.73999999999985
470,LMS Finswell Woods,Nagar,2,72.5,47,98.5,98.49932861328125,98.5,98.5
471,Mangal Shanti Mansha Phase 2,Wagholi,2,62.0,13,47.14,47.13984680175781,47.13999999999999,47.14000000000001
472,Solitere Emerald Tower,Budruk,2,72.0,50,67.825,67.82466125488281,67.82500000000002,67.82499999999987
473,Kuber Antonia,Wakad,2,68.0,48,66.57,66.56968688964844,66.56999999999996,66.56999999999992
474,Maithili Square,Kiwale,2,60.0,6,46.34,46.33998107910156,46.34000000000001,46.34000000000006
475,Anika Piccadilly,Punawale,2,69.0,15,55.0,55.00019836425781,55.0,55.0
476,Godrej Woodsville,Hinjewadi,3,90.0,6,99.6,91.20913696289062,99.6,99.60000000000018
477,Godrej Woodsville,Hinjewadi,2,72.0,6,78.1,85.37255859375,78.1,78.10000000000014
478,Nyati Exuberance,Undri,2,64.0,15,58.0,58.00028991699219,58.0,58.0
479,Kalpataru Jade Residences,Baner,3,125.0,9,2.5,2.5002899169921875,2.5,2.5
480,La Centra,Tathawade,2,103.5,7,74.68,74.68006896972656,74.68000000000004,74.6800000000001
481,Madhur Aangan,Ravet,2,59.5,7,49.5,49.50022888183594,49.5,49.5
482,Tathawade Mhada,Tathawade,2,79.0,9,68.0,68.00016784667969,68.0,68.0
483,Shapoorji Joyville Sensorium,Hinjewadi,3,91.0,15,1.07,55.22319030761719,1.07,1.0699999999999974
484,Shapoorji Joyville Sensorium,Hinjewadi,2,70.0,15,82.725,48.87968444824219,82.725,82.72500000000015
485,Kolte Patil Crown,Moshi,2,61.0,15,39.445,39.44549560546875,39.44500000000001,39.44500000000007
486,Elated Khushvista,NIBM,2,66.0,15,49.14,49.13981628417969,49.13999999999999,49.140000000000015
487,Aishwaryam Insignia,Punawale,2,62.0,5,48.8,48.80000305175781,48.800000000000004,48.80000000000009
488,Leisure Town,Hadapsar,2,69.0,7,83.0,69.16716003417969,83.0,83.0
489,Park Titan,Marunji,3,102.5,9,94.0,89.31660461425781,94.0,94.0
490,Leisure Town,Hadapsar,1,43.0,7,49.0,61.97868347167969,49.0,49.0
491,Park Titan,Marunji,2,70.0,9,73.0,81.02967834472656,73.0,73.0
492,Pethkar Siyona4.4 ★,Punawale,3,102.5,15,103.0,90.80763244628906,103.0,103.0
493,Pethkar Siyona4.4 ★,Punawale,2,80.0,15,72.0,84.21061706542969,72.0,71.95824999999999
494,Ganraj Skydale,Undri,2,56.5,15,40.235,38.08293151855469,40.23500000000001,40.23500000000004
495,Ganraj Skydale,Undri,1,41.0,15,29.439999999999998,32.66880798339844,29.439999999999998,29.49170000000004
496,Vansh Viva,Kiwale,2,65.0,9,44.26,40.93278503417969,44.26,44.46740000000012
497,Vansh Viva,Kiwale,1,42.0,9,31.4,34.25126647949219,31.400000000000002,31.400000000000055
498,Bright Aristo,Wagholi,2,63.0,5,42.0,41.46846008300781,42.0,42.0
499,Bright Aristo,Wagholi,1,45.0,5,35.0,35.63188171386719,35.0,35.05
500,Kumar Palmcrest,Pisoli,2,72.0,15,0.0,6.103515625e-05,0.0,0.0
501,Samarth Mrudula Residency,Bhosari,1,40.5,34,35.5,35.52018737792969,35.5,35.5
502,Unika,Hadapsar,3,99.0,12,1.05,39.23320007324219,1.05,1.049999999999998
503,Nivasa Enchante,Lohegaon,3,79.0,7,79.04,72.51554870605469,79.04,79.03999999999998
504,Nivasa Enchante,Lohegaon,2,67.0,7,61.155,67.69285583496094,61.154999999999994,61.15499999999997
505,Tirupati Nakshatra,Marunji,2,62.0,8,36.22,34.15965270996094,36.22,36.21999999999993
506,Tirupati Nakshatra,Marunji,1,42.0,8,25.195,27.985122680664062,25.195,25.195000000000014
507,Runal Spacio,Kiwale,3,79.0,15,76.0,72.84593200683594,76.0,76.0
508,Runal Spacio,Kiwale,2,65.5,15,65.0,67.76980590820312,65.0,65.0
509,Shapoorji Joyville Hadapsar Annexe4.4 ★,Shewalewadi,3,83.0,15,94.4,72.57835388183594,94.4,94.01909999999981
510,Shapoorji Joyville Hadapsar Annexe4.4 ★,Shewalewadi,2,62.5,15,71.2,66.31930541992188,71.2,68.51239999999989
511,Shapoorji Joyville Hadapsar Annexe4.4 ★,Shewalewadi,1,40.0,15,42.02,59.72227478027344,42.02,42.02
512,Gulmohar Sky Park,Dhanori,2,59.5,6,52.655,52.68333435058594,52.654999999999994,52.65500000000001
513,Kalpataru Exquisite,Wakad,3,104.0,15,1.14,1.1400299072265625,1.14,1.1400000000000003
514,Goodwill Meadows4.2 ★,Lohegaon,2,31.0,30,48.0,48.02421569824219,48.0,48.0
515,Orchid Homes,Chinchwad,3,101.0,17,100.0,92.73246765136719,100.0,100.06
516,Orchid Homes,Chinchwad,2,75.0,17,75.85499999999999,85.54397583007812,75.85499999999999,75.34929999999981
517,NG Rathi Vrundavan,Vishrantwadi,2,56.0,49,56.0,55.99980163574219,56.0,56.0
518,Manasi Residency,Budruk,2,53.0,29,47.0,46.30928039550781,47.0,47.0
519,Manasi Residency,Budruk,1,47.0,29,40.0,42.50056457519531,40.0,40.243900000000004
520,Townscape Sneh Mithila,Saudagar,2,74.0,6,70.0,69.99978637695312,70.0,70.081
521,Mulik Luxuria3.3 ★,Wagholi,2,74.0,15,51.334999999999994,49.33726501464844,51.33499999999999,51.499900000000025
522,Greenville,Hadapsar,3,97.5,4,96.62,96.61882019042969,96.62,95.48850000000004
523,Unika,Hadapsar,2,74.0,12,78.0,32.21366882324219,78.0,78.0
524,Jhala Group Mahalunge Riviera,Mahalunge,3,90.5,14,94.25,94.24980163574219,94.25,94.25
525,Rohan VITI,Wakad,3,99.0,6,1.25,55.14021301269531,1.25,3.1554
526,Rohan VITI,Wakad,2,74.0,6,93.0,48.12071228027344,93.0,93.0
527,Pride SOHO,Charholi,3,88.0,12,74.71,70.21734619140625,74.71,74.71000000000002
528,Pride SOHO,Charholi,2,73.0,12,60.379999999999995,64.88774108886719,60.379999999999995,60.38000000000009
529,JD Gaatha,Lohegaon,3,95.5,8,73.795,70.39195251464844,73.795,73.79500000000006
530,JD Gaatha,Lohegaon,2,71.5,8,56.735,63.54142761230469,56.73499999999999,57.65364999999995
531,iLife Upper NIBM,NIBM,3,95.5,14,84.88,79.13236999511719,84.88,84.88000000000005
532,iLife Upper NIBM,NIBM,2,73.5,14,66.86,72.61985778808594,66.86,66.8599999999999
533,Mulik Luxuria3.3 ★,Wagholi,3,95.5,15,64.66,55.76530456542969,64.65999999999998,64.65999999999991
534,Mulik Luxuria3.3 ★,Wagholi,1,41.0,15,28.55,40.965850830078125,28.55,28.57850000000003
535,Rohit Aloha,Wakad,2,72.0,10,70.01,70.04341125488281,70.01,69.97850000000015
536,Miravet District,Ravet,2,79.5,15,67.74000000000001,67.73960876464844,67.74000000000001,67.73999999999985
537,LMS Finswell Woods,Nagar,2,72.5,47,98.5,98.49932861328125,98.5,98.5
538,Solitere Emerald Tower,Budruk,2,72.0,50,67.825,67.82466125488281,67.82500000000002,67.82499999999987
539,Maithili Square,Kiwale,2,60.0,6,46.34,46.33998107910156,46.34000000000001,46.34000000000006
540,Anika Piccadilly,Punawale,2,69.0,15,55.0,55.00019836425781,55.0,55.0
541,Godrej Woodsville,Hinjewadi,3,90.0,6,99.6,91.20913696289062,99.6,99.60000000000018
542,Nyati Exuberance,Undri,2,64.0,15,58.0,58.00028991699219,58.0,58.0
543,Kalpataru Jade Residences,Baner,3,125.0,9,2.5,2.5002899169921875,2.5,2.5
544,La Centra,Tathawade,2,103.5,7,74.68,74.68006896972656,74.68000000000004,74.6800000000001
545,Madhur Aangan,Ravet,2,59.5,7,49.5,49.50022888183594,49.5,49.5
546,Tathawade Mhada,Tathawade,2,79.0,9,68.0,68.00016784667969,68.0,68.0
547,Shapoorji Joyville Sensorium,Hinjewadi,3,91.0,15,1.07,55.22319030761719,1.07,1.0699999999999974
548,Shapoorji Joyville Sensorium,Hinjewadi,2,70.0,15,82.725,48.87968444824219,82.725,82.72500000000015
549,Kolte Patil Crown,Moshi,2,61.0,15,39.445,39.44549560546875,39.44500000000001,39.44500000000007
550,Elated Khushvista,NIBM,2,66.0,15,49.14,49.13981628417969,49.13999999999999,49.140000000000015
551,Aishwaryam Insignia,Punawale,2,62.0,5,48.8,48.80000305175781,48.800000000000004,48.80000000000009
552,Leisure Town,Hadapsar,2,69.0,7,83.0,69.16716003417969,83.0,83.0
553,Park Titan,Marunji,3,102.5,9,94.0,89.31660461425781,94.0,94.0
554,Leisure Town,Hadapsar,1,43.0,7,49.0,61.97868347167969,49.0,49.0
555,Park Titan,Marunji,2,70.0,9,73.0,81.02967834472656,73.0,73.0
556,Leisure Town,Hadapsar,1,43.0,7,49.0,61.97868347167969,49.0,49.0
557,Park Titan,Marunji,2,70.0,9,73.0,81.02967834472656,73.0,73.0
558,Pethkar Siyona4.4 ★,Punawale,3,102.5,15,103.0,90.80763244628906,103.0,103.0
559,Pethkar Siyona4.4 ★,Punawale,2,80.0,15,72.0,84.21061706542969,72.0,71.95824999999999
560,Ganraj Skydale,Undri,2,56.5,15,40.235,38.08293151855469,40.23500000000001,40.23500000000004
561,Ganraj Skydale,Undri,1,41.0,15,29.439999999999998,32.66880798339844,29.439999999999998,29.49170000000004
562,Vansh Viva,Kiwale,2,65.0,9,44.26,40.93278503417969,44.26,44.46740000000012
563,Vansh Viva,Kiwale,1,42.0,9,31.4,34.25126647949219,31.400000000000002,31.400000000000055
564,Bright Aristo,Wagholi,2,63.0,5,42.0,41.46846008300781,42.0,42.0
565,Bright Aristo,Wagholi,1,45.0,5,35.0,35.63188171386719,35.0,35.05
566,Kumar Palmcrest,Pisoli,2,72.0,15,0.0,6.103515625e-05,0.0,0.0
567,Samarth Mrudula Residency,Bhosari,1,40.5,34,35.5,35.52018737792969,35.5,35.5
568,Unika,Hadapsar,3,99.0,12,1.05,39.23320007324219,1.05,1.049999999999998
569,Nivasa Enchante,Lohegaon,3,79.0,7,79.04,72.51554870605469,79.04,79.03999999999998
570,Nivasa Enchante,Lohegaon,2,67.0,7,61.155,67.69285583496094,61.154999999999994,61.15499999999997
571,Tirupati Nakshatra,Marunji,2,62.0,8,36.22,34.15965270996094,36.22,36.21999999999993
572,Tirupati Nakshatra,Marunji,1,42.0,8,25.195,27.985122680664062,25.195,25.195000000000014
573,Runal Spacio,Kiwale,3,79.0,15,76.0,72.84593200683594,76.0,76.0
574,Runal Spacio,Kiwale,2,65.5,15,65.0,67.76980590820312,65.0,65.0
575,Shapoorji Joyville Hadapsar Annexe4.4 ★,Shewalewadi,3,83.0,15,94.4,72.57835388183594,94.4,94.01909999999981
576,Shapoorji Joyville Hadapsar Annexe4.4 ★,Shewalewadi,2,62.5,15,71.2,66.31930541992188,71.2,68.51239999999989
577,Shapoorji Joyville Hadapsar Annexe4.4 ★,Shewalewadi,1,40.0,15,42.02,59.72227478027344,42.02,42.02
578,Gulmohar Sky Park,Dhanori,2,59.5,6,52.655,52.68333435058594,52.654999999999994,52.65500000000001
579,Miravet District,Ravet,2,79.5,15,67.74000000000001,67.73960876464844,67.74000000000001,67.73999999999985
580,LMS Finswell Woods,Nagar,2,72.5,47,98.5,98.49932861328125,98.5,98.5
581,Mangal Shanti Mansha Phase 2,Wagholi,2,62.0,13,47.14,47.13984680175781,47.13999999999999,47.14000000000001
582,Solitere Emerald Tower,Budruk,2,72.0,50,67.825,67.82466125488281,67.82500000000002,67.82499999999987
583,Kuber Antonia,Wakad,2,68.0,48,66.57,66.56968688964844,66.56999999999996,66.56999999999992
584,Maithili Square,Kiwale,2,60.0,6,46.34,46.33998107910156,46.34000000000001,46.34000000000006
585,Godrej Woodsville,Hinjewadi,3,90.0,6,99.6,91.20913696289062,99.6,99.60000000000018
586,Godrej Woodsville,Hinjewadi,2,72.0,6,78.1,85.37255859375,78.1,78.10000000000014
587,Nyati Exuberance,Undri,2,64.0,15,58.0,58.00028991699219,58.0,58.0
588,Kalpataru Jade Residences,Baner,3,125.0,9,2.5,2.5002899169921875,2.5,2.5
589,La Centra,Tathawade,2,103.5,7,74.68,74.68006896972656,74.68000000000004,74.6800000000001
590,Madhur Aangan,Ravet,2,59.5,7,49.5,49.50022888183594,49.5,49.5
591,Tathawade Mhada,Tathawade,2,79.0,9,68.0,68.00016784667969,68.0,68.0
592,Shapoorji Joyville Sensorium,Hinjewadi,3,91.0,15,1.07,55.22319030761719,1.07,1.0699999999999974
593,Shapoorji Joyville Sensorium,Hinjewadi,2,70.0,15,82.725,48.87968444824219,82.725,82.72500000000015
594,Kolte Patil Crown,Moshi,2,61.0,15,39.445,39.44549560546875,39.44500000000001,39.44500000000007
595,Elated Khushvista,NIBM,2,66.0,15,49.14,49.13981628417969,49.13999999999999,49.140000000000015
596,Aishwaryam Insignia,Punawale,2,62.0,5,48.8,48.80000305175781,48.800000000000004,48.80000000000009
597,Leisure Town,Hadapsar,2,69.0,7,83.0,69.16716003417969,83.0,83.0
598,Park Titan,Marunji,3,102.5,9,94.0,89.31660461425781,94.0,94.0
599,Miravet District,Ravet,2,79.5,15,67.74000000000001,67.73960876464844,67.74000000000001,67.73999999999985
600,LMS Finswell Woods,Nagar,2,72.5,47,98.5,98.49932861328125,98.5,98.5
601,Mangal Shanti Mansha Phase 2,Wagholi,2,62.0,13,47.14,47.13984680175781,47.13999999999999,47.14000000000001
602,Kuber Antonia,Wakad,2,68.0,48,66.57,66.56968688964844,66.56999999999996,66.56999999999992
603,Maithili Square,Kiwale,2,60.0,6,46.34,46.33998107910156,46.34000000000001,46.34000000000006
604,Anika Piccadilly,Punawale,2,69.0,15,55.0,55.00019836425781,55.0,55.0
605,Godrej Woodsville,Hinjewadi,3,90.0,6,99.6,91.20913696289062,99.6,99.60000000000018
606,Godrej Woodsville,Hinjewadi,2,72.0,6,78.1,85.37255859375,78.1,78.10000000000014
607,Nyati Exuberance,Undri,2,64.0,15,58.0,58.00028991699219,58.0,58.0
608,Kalpataru Jade Residences,Baner,3,125.0,9,2.5,2.5002899169921875,2.5,2.5
609,La Centra,Tathawade,2,103.5,7,74.68,74.68006896972656,74.68000000000004,74.6800000000001
610,Madhur Aangan,Ravet,2,59.5,7,49.5,49.50022888183594,49.5,49.5
611,Tathawade Mhada,Tathawade,2,79.0,9,68.0,68.00016784667969,68.0,68.0
612,Shapoorji Joyville Sensorium,Hinjewadi,3,91.0,15,1.07,55.22319030761719,1.07,1.0699999999999974
613,Shapoorji Joyville Sensorium,Hinjewadi,2,70.0,15,82.725,48.87968444824219,82.725,82.72500000000015
614,Kolte Patil Crown,Moshi,2,61.0,15,39.445,39.44549560546875,39.44500000000001,39.44500000000007
615,Elated Khushvista,NIBM,2,66.0,15,49.14,49.13981628417969,49.13999999999999,49.140000000000015
616,Aishwaryam Insignia,Punawale,2,62.0,5,48.8,48.80000305175781,48.800000000000004,48.80000000000009
617,Leisure Town,Hadapsar,2,69.0,7,83.0,69.16716003417969,83.0,83.0
618,Park Titan,Marunji,3,102.5,9,94.0,89.31660461425781,94.0,94.0
619,Miravet District,Ravet,2,79.5,15,67.74000000000001,67.73960876464844,67.74000000000001,67.73999999999985
620,LMS Finswell Woods,Nagar,2,72.5,47,98.5,98.49932861328125,98.5,98.5
621,Mangal Shanti Mansha Phase 2,Wagholi,2,62.0,13,47.14,47.13984680175781,47.13999999999999,47.14000000000001
622,Solitere Emerald Tower,Budruk,2,72.0,50,67.825,67.82466125488281,67.82500000000002,67.82499999999987
623,Kuber Antonia,Wakad,2,68.0,48,66.57,66.56968688964844,66.56999999999996,66.56999999999992
624,Maithili Square,Kiwale,2,60.0,6,46.34,46.33998107910156,46.34000000000001,46.34000000000006
625,Anika Piccadilly,Punawale,2,69.0,15,55.0,55.00019836425781,55.0,55.0
626,Godrej Woodsville,Hinjewadi,3,90.0,6,99.6,91.20913696289062,99.6,99.60000000000018
627,Godrej Woodsville,Hinjewadi,2,72.0,6,78.1,85.37255859375,78.1,78.10000000000014
628,Nyati Exuberance,Undri,2,64.0,15,58.0,58.00028991699219,58.0,58.0
629,Kalpataru Jade Residences,Baner,3,125.0,9,2.5,2.5002899169921875,2.5,2.5
630,La Centra,Tathawade,2,103.5,7,74.68,74.68006896972656,74.68000000000004,74.6800000000001
631,Madhur Aangan,Ravet,2,59.5,7,49.5,49.50022888183594,49.5,49.5
632,Tathawade Mhada,Tathawade,2,79.0,9,68.0,68.00016784667969,68.0,68.0
633,Shapoorji Joyville Sensorium,Hinjewadi,3,91.0,15,1.07,55.22319030761719,1.07,1.0699999999999974
634,Shapoorji Joyville Sensorium,Hinjewadi,2,70.0,15,82.725,48.87968444824219,82.725,82.72500000000015
635,Kolte Patil Crown,Moshi,2,61.0,15,39.445,39.44549560546875,39.44500000000001,39.44500000000007
636,Elated Khushvista,NIBM,2,66.0,15,49.14,49.13981628417969,49.13999999999999,49.140000000000015
637,Aishwaryam Insignia,Punawale,2,62.0,5,48.8,48.80000305175781,48.800000000000004,48.80000000000009
638,Leisure Town,Hadapsar,2,69.0,7,83.0,69.16716003417969,83.0,83.0
639,Park Titan,Marunji,3,102.5,9,94.0,89.31660461425781,94.0,94.0
640,Miravet District,Ravet,2,79.5,15,67.74000000000001,67.73960876464844,67.74000000000001,67.73999999999985
641,LMS Finswell Woods,Nagar,2,72.5,47,98.5,98.49932861328125,98.5,98.5
642,Mangal Shanti Mansha Phase 2,Wagholi,2,62.0,13,47.14,47.13984680175781,47.13999999999999,47.14000000000001
643,Solitere Emerald Tower,Budruk,2,72.0,50,67.825,67.82466125488281,67.82500000000002,67.82499999999987
644,Maithili Square,Kiwale,2,60.0,6,46.34,46.33998107910156,46.34000000000001,46.34000000000006
645,Anika Piccadilly,Punawale,2,69.0,15,55.0,55.00019836425781,55.0,55.0
646,Godrej Woodsville,Hinjewadi,3,90.0,6,99.6,91.20913696289062,99.6,99.60000000000018
647,Godrej Woodsville,Hinjewadi,2,72.0,6,78.1,85.37255859375,78.1,78.10000000000014
648,Nyati Exuberance,Undri,2,64.0,15,58.0,58.00028991699219,58.0,58.0
649,Kalpataru Jade Residences,Baner,3,125.0,9,2.5,2.5002899169921875,2.5,2.5
650,La Centra,Tathawade,2,103.5,7,74.68,74.68006896972656,74.68000000000004,74.6800000000001
651,Madhur Aangan,Ravet,2,59.5,7,49.5,49.50022888183594,49.5,49.5
652,Tathawade Mhada,Tathawade,2,79.0,9,68.0,68.00016784667969,68.0,68.0
653,Shapoorji Joyville Sensorium,Hinjewadi,3,91.0,15,1.07,55.22319030761719,1.07,1.0699999999999974
654,Shapoorji Joyville Sensorium,Hinjewadi,2,70.0,15,82.725,48.87968444824219,82.725,82.72500000000015
655,Kolte Patil Crown,Moshi,2,61.0,15,39.445,39.44549560546875,39.44500000000001,39.44500000000007
656,Elated Khushvista,NIBM,2,66.0,15,49.14,49.13981628417969,49.13999999999999,49.140000000000015
657,Aishwaryam Insignia,Punawale,2,62.0,5,48.8,48.80000305175781,48.800000000000004,48.80000000000009
658,Leisure Town,Hadapsar,2,69.0,7,83.0,69.16716003417969,83.0,83.0
659,Park Titan,Marunji,3,102.5,9,94.0,89.31660461425781,94.0,94.0
660,Leisure Town,Hadapsar,1,43.0,7,49.0,61.97868347167969,49.0,49.0
661,Miravet District,Ravet,2,79.5,15,67.74000000000001,67.73960876464844,67.74000000000001,67.73999999999985
662,LMS Finswell Woods,Nagar,2,72.5,47,98.5,98.49932861328125,98.5,98.5
663,Mangal Shanti Mansha Phase 2,Wagholi,2,62.0,13,47.14,47.13984680175781,47.13999999999999,47.14000000000001
664,Kuber Antonia,Wakad,2,68.0,48,66.57,66.56968688964844,66.56999999999996,66.56999999999992
665,Maithili Square,Kiwale,2,60.0,6,46.34,46.33998107910156,46.34000000000001,46.34000000000006
666,Anika Piccadilly,Punawale,2,69.0,15,55.0,55.00019836425781,55.0,55.0
667,Godrej Woodsville,Hinjewadi,3,90.0,6,99.6,91.20913696289062,99.6,99.60000000000018
668,Godrej Woodsville,Hinjewadi,2,72.0,6,78.1,85.37255859375,78.1,78.10000000000014
669,Nyati Exuberance,Undri,2,64.0,15,58.0,58.00028991699219,58.0,58.0
670,Kalpataru Jade Residences,Baner,3,125.0,9,2.5,2.5002899169921875,2.5,2.5
671,La Centra,Tathawade,2,103.5,7,74.68,74.68006896972656,74.68000000000004,74.6800000000001
672,Madhur Aangan,Ravet,2,59.5,7,49.5,49.50022888183594,49.5,49.5
673,Tathawade Mhada,Tathawade,2,79.0,9,68.0,68.00016784667969,68.0,68.0
674,Shapoorji Joyville Sensorium,Hinjewadi,3,91.0,15,1.07,55.22319030761719,1.07,1.0699999999999974
675,Shapoorji Joyville Sensorium,Hinjewadi,2,70.0,15,82.725,48.87968444824219,82.725,82.72500000000015
676,Kolte Patil Crown,Moshi,2,61.0,15,39.445,39.44549560546875,39.44500000000001,39.44500000000007
677,Elated Khushvista,NIBM,2,66.0,15,49.14,49.13981628417969,49.13999999999999,49.140000000000015
678,Aishwaryam Insignia,Punawale,2,62.0,5,48.8,48.80000305175781,48.800000000000004,48.80000000000009
679,Leisure Town,Hadapsar,2,69.0,7,83.0,69.16716003417969,83.0,83.0
680,Park Titan,Marunji,3,102.5,9,94.0,89.31660461425781,94.0,94.0
681,Miravet District,Ravet,2,79.5,15,67.74000000000001,67.73960876464844,67.74000000000001,67.73999999999985
682,LMS Finswell Woods,Nagar,2,72.5,47,98.5,98.49932861328125,98.5,98.5
683,Solitere Emerald Tower,Budruk,2,72.0,50,67.825,67.82466125488281,67.82500000000002,67.82499999999987
684,Kuber Antonia,Wakad,2,68.0,48,66.57,66.56968688964844,66.56999999999996,66.56999999999992
685,Maithili Square,Kiwale,2,60.0,6,46.34,46.33998107910156,46.34000000000001,46.34000000000006
686,Anika Piccadilly,Punawale,2,69.0,15,55.0,55.00019836425781,55.0,55.0
687,Godrej Woodsville,Hinjewadi,3,90.0,6,99.6,91.20913696289062,99.6,99.60000000000018
688,Godrej Woodsville,Hinjewadi,2,72.0,6,78.1,85.37255859375,78.1,78.10000000000014
689,Nyati Exuberance,Undri,2,64.0,15,58.0,58.00028991699219,58.0,58.0
690,Kalpataru Jade Residences,Baner,3,125.0,9,2.5,2.5002899169921875,2.5,2.5
691,La Centra,Tathawade,2,103.5,7,74.68,74.68006896972656,74.68000000000004,74.6800000000001
692,Madhur Aangan,Ravet,2,59.5,7,49.5,49.50022888183594,49.5,49.5
693,Tathawade Mhada,Tathawade,2,79.0,9,68.0,68.00016784667969,68.0,68.0
694,Shapoorji Joyville Sensorium,Hinjewadi,3,91.0,15,1.07,55.22319030761719,1.07,1.0699999999999974
695,Shapoorji Joyville Sensorium,Hinjewadi,2,70.0,15,82.725,48.87968444824219,82.725,82.72500000000015
696,Kolte Patil Crown,Moshi,2,61.0,15,39.445,39.44549560546875,39.44500000000001,39.44500000000007
697,Elated Khushvista,NIBM,2,66.0,15,49.14,49.13981628417969,49.13999999999999,49.140000000000015
698,Aishwaryam Insignia,Punawale,2,62.0,5,48.8,48.80000305175781,48.800000000000004,48.80000000000009
699,Leisure Town,Hadapsar,2,69.0,7,83.0,69.16716003417969,83.0,83.0
700,Park Titan,Marunji,3,102.5,9,94.0,89.31660461425781,94.0,94.0
701,Leisure Town,Hadapsar,1,43.0,7,49.0,61.97868347167969,49.0,49.0
702,Miravet District,Ravet,2,79.5,15,67.74000000000001,67.73960876464844,67.74000000000001,67.73999999999985
703,LMS Finswell Woods,Nagar,2,72.5,47,98.5,98.49932861328125,98.5,98.5
704,Mangal Shanti Mansha Phase 2,Wagholi,2,62.0,13,47.14,47.13984680175781,47.13999999999999,47.14000000000001
705,Solitere Emerald Tower,Budruk,2,72.0,50,67.825,67.82466125488281,67.82500000000002,67.82499999999987
706,Kuber Antonia,Wakad,2,68.0,48,66.57,66.56968688964844,66.56999999999996,66.56999999999992
707,Maithili Square,Kiwale,2,60.0,6,46.34,46.33998107910156,46.34000000000001,46.34000000000006
708,Godrej Woodsville,Hinjewadi,3,90.0,6,99.6,91.20913696289062,99.6,99.60000000000018
709,Godrej Woodsville,Hinjewadi,2,72.0,6,78.1,85.37255859375,78.1,78.10000000000014
710,Nyati Exuberance,Undri,2,64.0,15,58.0,58.00028991699219,58.0,58.0
711,Kalpataru Jade Residences,Baner,3,125.0,9,2.5,2.5002899169921875,2.5,2.5
712,La Centra,Tathawade,2,103.5,7,74.68,74.68006896972656,74.68000000000004,74.6800000000001
713,Madhur Aangan,Ravet,2,59.5,7,49.5,49.50022888183594,49.5,49.5
714,Tathawade Mhada,Tathawade,2,79.0,9,68.0,68.00016784667969,68.0,68.0
715,Shapoorji Joyville Sensorium,Hinjewadi,3,91.0,15,1.07,55.22319030761719,1.07,1.0699999999999974
716,Shapoorji Joyville Sensorium,Hinjewadi,2,70.0,15,82.725,48.87968444824219,82.725,82.72500000000015
717,Kolte Patil Crown,Moshi,2,61.0,15,39.445,39.44549560546875,39.44500000000001,39.44500000000007
718,Elated Khushvista,NIBM,2,66.0,15,49.14,49.13981628417969,49.13999999999999,49.140000000000015
719,Aishwaryam Insignia,Punawale,2,62.0,5,48.8,48.80000305175781,48.800000000000004,48.80000000000009
720,Leisure Town,Hadapsar,2,69.0,7,83.0,69.16716003417969,83.0,83.0
721,Park Titan,Marunji,3,102.5,9,94.0,89.31660461425781,94.0,94.0
722,Miravet District,Ravet,2,79.5,15,67.74000000000001,67.73960876464844,67.74000000000001,67.73999999999985
723,LMS Finswell Woods,Nagar,2,72.5,47,98.5,98.49932861328125,98.5,98.5
724,Mangal Shanti Mansha Phase 2,Wagholi,2,62.0,13,47.14,47.13984680175781,47.13999999999999,47.14000000000001
725,Solitere Emerald Tower,Budruk,2,72.0,50,67.825,67.82466125488281,67.82500000000002,67.82499999999987
726,Maithili Square,Kiwale,2,60.0,6,46.34,46.33998107910156,46.34000000000001,46.34000000000006
727,Anika Piccadilly,Punawale,2,69.0,15,55.0,55.00019836425781,55.0,55.0
728,Godrej Woodsville,Hinjewadi,3,90.0,6,99.6,91.20913696289062,99.6,99.60000000000018
729,Godrej Woodsville,Hinjewadi,2,72.0,6,78.1,85.37255859375,78.1,78.10000000000014
730,Nyati Exuberance,Undri,2,64.0,15,58.0,58.00028991699219,58.0,58.0
731,Kalpataru Jade Residences,Baner,3,125.0,9,2.5,2.5002899169921875,2.5,2.5
732,La Centra,Tathawade,2,103.5,7,74.68,74.68006896972656,74.68000000000004,74.6800000000001
733,Madhur Aangan,Ravet,2,59.5,7,49.5,49.50022888183594,49.5,49.5
734,Tathawade Mhada,Tathawade,2,79.0,9,68.0,68.00016784667969,68.0,68.0
735,Shapoorji Joyville Sensorium,Hinjewadi,3,91.0,15,1.07,55.22319030761719,1.07,1.0699999999999974
736,Shapoorji Joyville Sensorium,Hinjewadi,2,70.0,15,82.725,48.87968444824219,82.725,82.72500000000015
737,Kolte Patil Crown,Moshi,2,61.0,15,39.445,39.44549560546875,39.44500000000001,39.44500000000007
738,Elated Khushvista,NIBM,2,66.0,15,49.14,49.13981628417969,49.13999999999999,49.140000000000015
739,Aishwaryam Insignia,Punawale,2,62.0,5,48.8,48.80000305175781,48.800000000000004,48.80000000000009
740,Leisure Town,Hadapsar,2,69.0,7,83.0,69.16716003417969,83.0,83.0
741,Park Titan,Marunji,3,102.5,9,94.0,89.31660461425781,94.0,94.0
742,Leisure Town,Hadapsar,1,43.0,7,49.0,61.97868347167969,49.0,49.0
743,Miravet District,Ravet,2,79.5,15,67.74000000000001,67.73960876464844,67.74000000000001,67.73999999999985
744,LMS Finswell Woods,Nagar,2,72.5,47,98.5,98.49932861328125,98.5,98.5
745,Solitere Emerald Tower,Budruk,2,72.0,50,67.825,67.82466125488281,67.82500000000002,67.82499999999987
746,Kuber Antonia,Wakad,2,68.0,48,66.57,66.56968688964844,66.56999999999996,66.56999999999992
747,Maithili Square,Kiwale,2,60.0,6,46.34,46.33998107910156,46.34000000000001,46.34000000000006
748,Anika Piccadilly,Punawale,2,69.0,15,55.0,55.00019836425781,55.0,55.0
749,Godrej Woodsville,Hinjewadi,3,90.0,6,99.6,91.20913696289062,99.6,99.60000000000018
750,Godrej Woodsville,Hinjewadi,2,72.0,6,78.1,85.37255859375,78.1,78.10000000000014
751,Nyati Exuberance,Undri,2,64.0,15,58.0,58.00028991699219,58.0,58.0
752,Kalpataru Jade Residences,Baner,3,125.0,9,2.5,2.5002899169921875,2.5,2.5
753,La Centra,Tathawade,2,103.5,7,74.68,74.68006896972656,74.68000000000004,74.6800000000001
754,Madhur Aangan,Ravet,2,59.5,7,49.5,49.50022888183594,49.5,49.5
755,Tathawade Mhada,Tathawade,2,79.0,9,68.0,68.00016784667969,68.0,68.0
756,Shapoorji Joyville Sensorium,Hinjewadi,3,91.0,15,1.07,55.22319030761719,1.07,1.0699999999999974
757,Shapoorji Joyville Sensorium,Hinjewadi,2,70.0,15,82.725,48.87968444824219,82.725,82.72500000000015
758,Kolte Patil Crown,Moshi,2,61.0,15,39.445,39.44549560546875,39.44500000000001,39.44500000000007
759,Elated Khushvista,NIBM,2,66.0,15,49.14,49.13981628417969,49.13999999999999,49.140000000000015
760,Aishwaryam Insignia,Punawale,2,62.0,5,48.8,48.80000305175781,48.800000000000004,48.80000000000009
761,Leisure Town,Hadapsar,2,69.0,7,83.0,69.16716003417969,83.0,83.0
762,Park Titan,Marunji,3,102.5,9,94.0,89.31660461425781,94.0,94.0
763,Leisure Town,Hadapsar,1,43.0,7,49.0,61.97868347167969,49.0,49.0
764,Miravet District,Ravet,2,79.5,15,67.74000000000001,67.73960876464844,67.74000000000001,67.73999999999985
765,LMS Finswell Woods,Nagar,2,72.5,47,98.5,98.49932861328125,98.5,98.5
766,Mangal Shanti Mansha Phase 2,Wagholi,2,62.0,13,47.14,47.13984680175781,47.13999999999999,47.14000000000001
767,Solitere Emerald Tower,Budruk,2,72.0,50,67.825,67.82466125488281,67.82500000000002,67.82499999999987
768,Kuber Antonia,Wakad,2,68.0,48,66.57,66.56968688964844,66.56999999999996,66.56999999999992
769,Maithili Square,Kiwale,2,60.0,6,46.34,46.33998107910156,46.34000000000001,46.34000000000006
770,Anika Piccadilly,Punawale,2,69.0,15,55.0,55.00019836425781,55.0,55.0
771,Godrej Woodsville,Hinjewadi,3,90.0,6,99.6,91.20913696289062,99.6,99.60000000000018
772,Godrej Woodsville,Hinjewadi,2,72.0,6,78.1,85.37255859375,78.1,78.10000000000014
773,Nyati Exuberance,Undri,2,64.0,15,58.0,58.00028991699219,58.0,58.0
774,Kalpataru Jade Residences,Baner,3,125.0,9,2.5,2.5002899169921875,2.5,2.5
775,La Centra,Tathawade,2,103.5,7,74.68,74.68006896972656,74.68000000000004,74.6800000000001
776,Madhur Aangan,Ravet,2,59.5,7,49.5,49.50022888183594,49.5,49.5
777,Tathawade Mhada,Tathawade,2,79.0,9,68.0,68.00016784667969,68.0,68.0
778,Shapoorji Joyville Sensorium,Hinjewadi,3,91.0,15,1.07,55.22319030761719,1.07,1.0699999999999974
779,Shapoorji Joyville Sensorium,Hinjewadi,2,70.0,15,82.725,48.87968444824219,82.725,82.72500000000015
780,Kolte Patil Crown,Moshi,2,61.0,15,39.445,39.44549560546875,39.44500000000001,39.44500000000007
781,Elated Khushvista,NIBM,2,66.0,15,49.14,49.13981628417969,49.13999999999999,49.140000000000015
782,Aishwaryam Insignia,Punawale,2,62.0,5,48.8,48.80000305175781,48.800000000000004,48.80000000000009
783,Leisure Town,Hadapsar,2,69.0,7,83.0,69.16716003417969,83.0,83.0
784,Park Titan,Marunji,3,102.5,9,94.0,89.31660461425781,94.0,94.0
785,Miravet District,Ravet,2,79.5,15,67.74000000000001,67.73960876464844,67.74000000000001,67.73999999999985
786,LMS Finswell Woods,Nagar,2,72.5,47,98.5,98.49932861328125,98.5,98.5
787,Solitere Emerald Tower,Budruk,2,72.0,50,67.825,67.82466125488281,67.82500000000002,67.82499999999987
788,Kuber Antonia,Wakad,2,68.0,48,66.57,66.56968688964844,66.56999999999996,66.56999999999992
789,Maithili Square,Kiwale,2,60.0,6,46.34,46.33998107910156,46.34000000000001,46.34000000000006
790,Anika Piccadilly,Punawale,2,69.0,15,55.0,55.00019836425781,55.0,55.0
791,Godrej Woodsville,Hinjewadi,3,90.0,6,99.6,91.20913696289062,99.6,99.60000000000018
792,Godrej Woodsville,Hinjewadi,2,72.0,6,78.1,85.37255859375,78.1,78.10000000000014
793,Nyati Exuberance,Undri,2,64.0,15,58.0,58.00028991699219,58.0,58.0
794,Kalpataru Jade Residences,Baner,3,125.0,9,2.5,2.5002899169921875,2.5,2.5
795,La Centra,Tathawade,2,103.5,7,74.68,74.68006896972656,74.68000000000004,74.6800000000001
796,Madhur Aangan,Ravet,2,59.5,7,49.5,49.50022888183594,49.5,49.5
797,Tathawade Mhada,Tathawade,2,79.0,9,68.0,68.00016784667969,68.0,68.0
798,Shapoorji Joyville Sensorium,Hinjewadi,3,91.0,15,1.07,55.22319030761719,1.07,1.0699999999999974
799,Shapoorji Joyville Sensorium,Hinjewadi,2,70.0,15,82.725,48.87968444824219,82.725,82.72500000000015
800,Kolte Patil Crown,Moshi,2,61.0,15,39.445,39.44549560546875,39.44500000000001,39.44500000000007
801,Elated Khushvista,NIBM,2,66.0,15,49.14,49.13981628417969,49.13999999999999,49.140000000000015
802,Aishwaryam Insignia,Punawale,2,62.0,5,48.8,48.80000305175781,48.800000000000004,48.80000000000009
803,Leisure Town,Hadapsar,2,69.0,7,83.0,69.16716003417969,83.0,83.0
804,Park Titan,Marunji,3,102.5,9,94.0,89.31660461425781,94.0,94.0
805,Leisure Town,Hadapsar,1,43.0,7,49.0,61.97868347167969,49.0,49.0
